{
  "version": "2.0.0",
  "training_date": "2026-02-10T16:01:03Z",
  "accuracy": 0.9985,
  "precision": 0.9801980198019802,
  "recall": 0.99,
  "f1": 0.9850746268656716,
  "roc_auc": 0.9999368421052631,
  "n_samples": 10000,
  "n_features": 29
}